{"cameraMode":{"drawMode":0,"name":"Shaded","section":"Shading Mode"},"sceneLighting":false,"audioPlay":false,"sceneViewState":{"showFog":true,"showMaterialUpdate":false,"showSkybox":false,"showFlares":true,"showImageEffects":true,"showParticleSystems":true},"in2DMode":false,"pivot":{"x":0.16863539814949037,"y":0.002610032679513097,"z":-0.3855898082256317},"rotation":{"x":0.0771411880850792,"y":-0.25578367710113528,"z":0.01911068893969059,"w":0.9639801979064941},"size":0.31136777997016909,"orthographic":false}