{"cameraMode":{"drawMode":0,"name":"Shaded","section":"Shading Mode"},"sceneLighting":false,"audioPlay":false,"sceneViewState":{"showFog":true,"showMaterialUpdate":false,"showSkybox":false,"showFlares":true,"showImageEffects":true,"showParticleSystems":true},"in2DMode":false,"pivot":{"x":36.22193145751953,"y":-3.3535544872283937,"z":21.313465118408204},"rotation":{"x":0.0595690943300724,"y":0.3145182132720947,"z":-0.021440645679831506,"w":0.9475750923156738},"size":28.100831985473634,"orthographic":false}